Organization	URL	H1	MetaTitle	MetaDescription	NavItems	CTAs	DonateURL	DonationProvider	NewsletterURL	EventsURL	StaffBoardURL	Facebook	Instagram	YouTube	LinkedIn	Status
Name	Website															"Error: Page.goto: Protocol error (Page.navigate): Cannot navigate to invalid URL
Call log:
  - navigating t"
Groundswell	https://groundswellconservancy.org/	Protect Special Places, Forever	Groundswell Conservancy - Protect Special Places, Forever	Groundswell Conservancy is a Wisconsin nonprofit land trust. We believe you deserve a world filled with green places where communities thrive.	Skip Navigation | Who We Are | Mission | History | Staff | Board of Directors | Contact Us | What We Do | Act On Climate Crisis | Connect People With Nature | Conserve Wildlife Habitat | Provide Equitable Access to Land | Keep Farmland, Farmland | Create Green Schoolyards | Get Involved	more ways to give, outdoor volunteering, learn more about volunteering, donate, donate with confidence, ways to give	https://groundswellconservancy.org/donate/	Other	https://groundswellconservancy.org/news/newsletters/	https://groundswellconservancy.org/events/	https://groundswellconservancy.org/who-we-are/board-of-directors/	https://www.facebook.com/groundswell.wi/	https://scontent-iad3-2.cdninstagram.com/v/t39.30808-6/544811637_1181651890671903_107283176895501434_n.jpg?stp=dst-jpg_e35_tt6&_nc_cat=106&ccb=1-7&_nc_sid=18de74&_nc_ohc=pZgCn1wwY00Q7kNvwGc599g&_nc_oc=AdlcZ39GBkUwUY4Wxv5ZMeh6rJBsUQojbOoC9botRG3RZ9JSpoHHDZMKheUeuzOq0h4&_nc_zt=23&_nc_ht=scontent-iad3-2.cdninstagram.com&edm=ANo9K5cEAAAA&_nc_gid=fa1lMrIO2yE6Y2NQ1zJndg&oh=00_AfZ4ey8M_dq1Z6chtPf6r2lJY9QTh3PaBGLMEgg2CphQ0w&oe=68C90675		https://www.linkedin.com/company/groundswell-conservancy	OK
Ice Age Trail	https://www.iceagetrail.org/	Explore the Trail	Ice Age National Scenic Trail Wisconsin | Ice Age Alliance	Our mission is to conserve, create, maintain, & promote the Ice Age National Scenic Trail. Become a member to support our mission & get members-only perks.	Ice Age Trail Alliance | Email Signup | Members | Trail Map | Donate | Shop | Explore | Discover the Trail | Interactive Map | Segment by Segment Tour | Ice Age Trail Facts | Trail Communities | Mammoth Hike Challenge | Trailtessa Retreats | Ways to Enjoy the Trail	help ensure the ice age trail is here for generations to come. donate today. ►, maintenance sweep volunteers care for the lake eleven segment, join the ice age trail alliance to support our mission and get members-only perks. ►, member & volunteer resources, volunteer, volunteer spotlight: steve larson!, volunteer spotlight: mark graczykowski!, trail shuttles and volunteer help, volunteer spotlight: patti herman!, volunteer spotlight: amanda fischer!, volunteers craft a mile of brand-new trail!, donate, get involved!become a volunteer., volunteer spotlight: jenny gramer!, donate to iata, iata member or volunteer? access important news & info here. ►, other ways to give, ways to give	https://www.iceagetrail.org/get-involved/contribute/	Other		https://www.iceagetrail.org/trailbuilding-blue-hills-may-2025/	https://www.iceagetrail.org/iata/history/board-directors/	https://www.facebook.com/iceagetrail	https://instagram.com/iceagetrailorg			OK
Driftless	https://www.driftlessconservancy.org/	Conservation. Care. Connection.	Driftless Area Land Conservancy, The Land Trust for Southwest Wisconsin	Driftless Area Land Conservancy's purpose is to maintain and enhance the health, diversity and beauty of Southwest Wisconsin's natural and agricultural landscape through permanent land protection and restoration, and improve people's lives by connecting them to the land and to each other.	DONATE | CALENDAR OF EVENTS | HOME | Land Protection | Ambassador Properties | Our Energy Future | Driftless Trail | Lowery Creek Watershed | Southern Driftless Grasslands | Transmission Line Opposition | Protect Your Land | Manage Your Land | Find an Event & Register | Volunteer | Latest News	volunteer, give today, join the legacy society, donate, ways to give	https://www.driftlessconservancy.org/give-today	Other	https://www.driftlessconservancy.org/newsletter	https://www.driftlessconservancy.org/calendar-of-events	https://www.driftlessconservancy.org/our-board	https://www.facebook.com/driftlessconservancy	https://www.instagram.com/driftless_dalc/	https://www.youtube.com/channel/UCVA-I8CGn-XqahF6GD5GSTA/		OK
SW Wisc Birds	https://swibirds.org/		Southern Wisconsin Bird Alliance (formerly Madison Audubon)	"Southern Wisconsin Bird Alliance (formerly Madison Audubon) is 
south-central Wisconsin's chapter of the National Audubon Society. We know 
that birds make life better, in south-central Wisconsin and beyond. Become 
a Southern Wisconsin Bird Alliance member today and help share the joy of 
birds."	Translate | What we do | Who we are | Our New Name | Bird & Nature Blog | Newsletters & Reports | Commitment to Equity & Inclusion | Relationship to National | Our Partners | Community Standards | Contact Us | Friday Feathered Features | All About Birding | Entryway to Birding Blog | Who's That Singing?	volunteer, join, donate  today!, renew, renewable energy projects, support birds, habitats, and kids, ways to give	/donate	Other	/newsletters-reports	/events		http://facebook.com/swibirds/	http://instagram.com/swibirds	https://www.youtube.com/@SWiBirds		OK
Tall Pines	https://tallpinesconservancy.org/		Home		Blog | Contact | Gallery | About | Home | About us | News | our work | WHY PROTECT LAND | Home | WAYS TO GIVE | Donate | Contact us | GET INVOLVED | + Events Home	join our mailing list, donate, events & volunteer, thank you to our corporate supporters, ways to give	https://www.paypal.com/cgi-bin/webscr?cmd=_s-xclick&hosted_button_id=SBCH7Z3DNX5QG&source=url	PayPal		/get-involved	/meet-the-board	https://www.facebook.com/Tall-Pines-Conservancy-332276452045/	https://www.instagram.com/tall_pines_conservancy/?hl=en	https://www.youtube.com/user/TallPinesConservancy		OK
Northwoods LT	https://northwoodslandtrust.org/	Leaving a Legacy of Land for the Northwoods	Northwoods Land Trust		Skip to content | AboutUs | Our History | Our Service & Focus Areas | Old-Growth Forest Initiative | Shoreland Protection Initiative | Climate Conservation Solutions Initiative | FAQs | ConservedLands | ProtectYour Land | SupportNWLT | Northwoods Legacy Society | OurPublications | Publications Archive | News& Events	support nwlt, donate, supportnwlt, volunteer day at holmboe conifer forest	https://northwoodslandtrust.org/support-nwlt/donation-form/	Other	#elementor-action%3Aaction%3Dpopup%3Aopen%26settings%3DeyJpZCI6IjE0MDQiLCJ0b2dnbGUiOmZhbHNlfQ%3D%3D	https://northwoodslandtrust.org/event/hike-at-beaver-creek-hemlocks/		https://www.facebook.com/NorthwoodsLandTrust/	https://www.instagram.com/northwoods_land_trust/?hl=bg	https://www.youtube.com/@northwoodslandtrust6460		OK
Prairie Enthusists	https://theprairieenthusiasts.org/	PRAIRIES NEED YOUR CARE	Prairie Enthusiasts | Save Your Local Rare Habitats		About Us | Mission | Who We Are | Business | Contact Us | FAQ | Work With Us! | Our Chapters | Find your chapter | Chippewa Savannas | Coulee Region | Empire-Sauk | Glacial Prairie | Many Rivers | Minnesota Driftless	more ways to give, volunteering, donate, volunteer	https://secure.qgiv.com/for/theprairieenthusiasts/	Qgiv		https://theprairieenthusiasts.org/tpe-events/events-calendar/		https://www.facebook.com/ThePrairieEnthusiasts	https://www.instagram.com/theprairieenthusiasts/	https://www.youtube.com/@theprairieenthusiasts350		OK
Gathering Waters	https://gatheringwaters.org/		Gathering Waters – Wisconsin's Alliance for Land Trusts		Skip to content | Donate | About Us | Who We Are | What We Do | Publications | Support Us | Donate | Ways To Give | Your Trust Matters | Your Impact & Thanks | Legacy Giving | Monthly Giving | About Wisconsin Land Trusts | What Is A Land Trust	donate, ways to give	https://gatheringwaters.org/ways-to-give/donate/	Other	https://secure.lglforms.com/form_engine/s/MoAxbLqlP_xcwBBvwT-WoQ	webcal://gatheringwaters.org/?post_type=tribe_events&ical=1&eventDisplay=list	https://gatheringwaters.org/about/who-we-are/	https://www.facebook.com/GatheringWatersWI/	https://www.instagram.com/gatheringwaters/		https://www.linkedin.com/company/gathering-waters-conservancy/about/	OK
Ozaukee Washington LT	https://www.owlt.org/	Want to have an event on a Restoring Lands Nature Preserve? Click here!	Restoring Lands: A Wisconsin Land Trust	The mission of Restoring Lands is to protect, connect, and restore southeast Wisconsin's lands and waters for the benefit of all.	EVENTS | STORE | DONATE | HOME | PRESERVES | SUPPORT | GET INVOLVED | CALENDAR OF EVENTS | BETTER TOGETHER: A WATERSHED MOMENT | BOARD & COMMITTEE APPLICATION | VOLUNTEER | COMMUNITY SCIENCE | EMPLOYMENT OPPORTUNITIES | NEWS | DIGITAL eNEWS	volunteer, donate, support	https://www.restoringlands.org/donate	Other	https://www.restoringlands.org/newsletter	https://www.restoringlands.org/_files/ugd/6746cd_1f58ea3cefc047eba64be95acfe436fe.pdf	https://www.restoringlands.org/board	https://www.facebook.com/restoringlandswi/	https://www.instagram.com/restoringlandswi/	https://www.youtube.com/channel/UCFW7IgqFkxwYH3NAK9u44TQ	https://www.linkedin.com/company/restoringlandswi//	OK
Ridges	https://ridgessanctuary.org/	More than a walk in the woods	The Ridges Sanctuary – Preservation, Education, and Research - The Ridges Sanctuary		Skip to content | Trail Pass | Donate | The Ridges Sanctuary | Explore | Hike the Ridges | Maps | Hours + Policies | Accessibility | Indigenous Heritage | Events & Programs | Event Calendar | Summer Camps | Festival Of Nature | Free Fridays	join, donate, volunteer	https://ridgessanctuary.org/ways-to-give/	Other		https://ridgessanctuary.org/events	https://ridgessanctuary.org/staff/	https://www.facebook.com/RidgesSanctuary	https://www.instagram.com/ridgessanctuary/	https://www.youtube.com/@TheRidgesSanctuary	https://www.linkedin.com/company/the-ridges-sanctuary-inc/	OK
Kinnickinnic River	https://www.kinniriver.org/	Kinnickinnic River Land Trust	Kinnickinnic River Land Trust - Working with the community to conserve and protect the beauty and health of the Kinnickinnic River and its watershed.	The Kinnickinnic River Land Trust is a nonprofit conservation organization that has protected the Kinnickinnic River Watershed since 1993. Through land acquisition, conservation easements, and collaboration with the community, we create a lasting future for the Kinnickinnic River. Based in River Falls, Wisconsin. (715) 425-5738	Kinnickinnic | River Land Trust | About | Events | Nature Fest | News | Protect Your Land | Search | Nature Preserves | Ecology | Current Kinni River Conditions | Other Places to Visit | Watershed Tours | Find Your Flock | Kinni Explorers	ways to support, donate, join our email list to get updates about krlt events, news and ways to support!	https://interland3.donorperfect.net/weblink/WebLink.aspx?name=E358470&id=32	DonorPerfect		https://www.kinniriver.org/ways-to-support-kinnickinnic-river-land-trust		https://www.facebook.com/304536836438	https://www.instagram.com/kinnickinnic_river_land_trust/	https://www.youtube.com/channel/UCHdX7n0eAGnxwJ3piScHB0Q		OK
Glacial Lakes	https://www.glaciallakes.org/		Home	Glacial Lakes Conservancy, Inc. is a private, non-profit land conservation organization, prompting a deep concern for the future of our region’s lands and waters.	Home | Who We Are | What We Do | Resources | Contact Us | Donate | EVENTS | Protected Properties | Newsletters | Volunteer Opportunities | Youth Education | Membership | GLC Event Sponsors | 2025 Land Trust Days | Plant Sale	volunteer opportunities, donate today, donate	/donate.html	Other	/newsletters.html	/photos-from-previous-events.html		https://www.facebook.com/pages/Glacial-Lakes-Conservancy/265599060270924	https://www.instagram.com/glacial.lakes/?hl=en			OK
Mississippi Valley	https://mississippivalleyconservancy.org/	Conservation for life	Conservation for life | Mississippi Valley Conservancy		Menu | About Us | Open submenu | Land Protection | Open submenu | Climate Change | Open submenu | Get Involved | Open submenu | Wild Reads | Resources | Open submenu | Events & Programs | Open submenu | Ways to Give	give from your ira, volunteer, donate real estate, donate a conservation easement, donate, donate stock, ways to give	https://www.mississippivalleyconservancy.org/ways-give/give-single-or-monthly-donation	Other	https://visitor.r20.constantcontact.com/d.jsp?llr=9wb84fcab&p=oi&m=9wb84fcab&sit=cku5ryxcb&f=58ee63dd-acfd-4985-8ef5-7e6072f4d941	/events	/about-us/our-staff	https://www.facebook.com/Mississippi-Valley-Conservancy-222430287164/	https://www.instagram.com/mississippi_valley_conservancy/	https://www.youtube.com/user/BluffConservancy		OK
Baird Creek	https://bairdcreek.org/	Endangered Rusty Patched Bumblebee Project														Error: 'NoneType' object has no attribute 'strip'
Midwest Environmental Advocates	https://midwestadvocates.org/		Midwest Environmental Advocates | Legal Services | Policy & Advocacy | Organizing | Wisconsin	The mission of Midwest Environmental Advocates (MEA) is to secure and protect the rights of all people to healthy water, land, and air.	Skip to content | En Español | Hmoob | DONATE | About | Mission & Impact | Our Team | Clients & Partners | Financials | Careers | Clerkships | Contact Us | Our Work | Legal Action | Policy & Advocacy	join us on september 28 for the wisconsin climate march!, donate, volunteer, ways to give	https://midwestadvocates.org/ways-to-give/	Other	https://mea.app.neoncrm.com/forms/newsletter-signup	https://midwestadvocates.org/news-events/	https://midwestadvocates.org/about/team/	https://www.facebook.com/MidwestEnvironmentalAdvocates	https://www.instagram.com/midwestadvocates/	https://www.youtube.com/@midwestenvironmentaladvoca6119		OK
Landmark	https://landmarkwi.org/		Landmark Conservancy Home - Landmark Conservancy	Protect your land for future generations! We are a non-profit, Wisconsin-based land conservation organization serving western and northwestern Wisconsin.	× |  |  |  | Contact | Donate | Home | About | Land Protection | News | Events | Get Outside! | Support Us | Home | About	support us, give with confidence, donate, support our mission	https://landmarkwi.org/support-us/	Other	https://visitor.r20.constantcontact.com/d.jsp?llr=b4aburmab&p=oi&m=1112987960289&sit=o8k7tvxhb&f=b810da98-7ca0-49ec-9603-d1c751ea71b3	https://landmarkwi.org/events/	https://landmarkwi.org/category/board-member-feature/	https://www.facebook.com/LandmarkConservancyWI/	https://www.instagram.com/landmarkwisconsin/	https://www.youtube.com/@landmarkconservancy413		OK
NEW LT	https://www.newlt.org/	Home	Northeast Wisconsin Land Trust		Support Our Mission | Login | About | Our Impact | Strategic Plan | Our Staff | Our Board | News & Media | Credentials | Contact Us | How We Protect Land | Conservation Plan | Protect Your Land | Private Lands | Climate Change Statement	volunteer with us, volunteer, support our mission, donate now, donate	https://form-renderer-app.donorperfect.io/give/northeast-wisconsin-land-trust/standard-donor-form	DonorPerfect		https://newlt.org/upcoming-events/	https://newlt.org/board/	https://www.facebook.com/newlt.org/	https://www.instagram.com/newisconsinlandtrust/	https://www.youtube.com/@northeastwisconsinlandtrus7389	https://www.linkedin.com/company/northeast-wisconsin-land-trust	OK
Kettle Moraine LT	https://kmlandtrust.org/		Kettle Moraine Land Trust – Serving the southern Kettle Moraine lakes area in Walworth County, Wisconsin		Land Protection | Our Preserves | Beulah Bluff Preserve | Jackson Creek Preserve | Petersen Island Woods Preserve | Turtle Creek Preserve | Putra-Scharff Preserve | Conservation Easements | Hartranft Easements | Lauderdale Lakes Country Club Easement | Adelman & Schwartz Easement | Benes Easement | Partnership Properties | Wisconsin Department of Natural Resources | Walworth County Parks	donate – give to nature, volunteer, donate now	https://kmlandtrust.org/donate-give-to-nature/	Other	https://kmlandtrust.org/newsletters/	https://kmlandtrust.org/event/beulah-bluff-pop-up-workday/	https://kmlandtrust.org/board-and-staff/	https://www.facebook.com/KettleMoraineLandTrust/			https://www.linkedin.com/company-beta/15529284/	OK
Cedar Lake	https://theclcf.org/	We’re here to conserve the natural environment of Wisconsin’s Cedar Lakes region.	Home | Cedar Lakes Conservation Foundation	Cedar Lakes Conservation Foundation is committed to the preservation of wetlands and woodlands in the Cedar Lakes region in Wisconsin.	Skip to content | About Us | History & Mission | Our Impact | Meet the Team | Meet the Board | Protect Your Land | Preserves & Trails | Guidelines for Preserves & Trails | Fox Hill Nature Preserve | Lockman Property | Joan M. Pick Nature Preserve | Polk Kames | Rudorf Farm | Thoma Preserve	support us, from executive director, linda mutschler back in december 2016, while serving on clcf’s board, i volunteered to step in as interim project manager to help…, donate, volunteer	https://theclcf.org/make-a-donation/	Other	https://theclcf.org/resources/newsletter/	https://theclcf.org/category/activities-events/	https://theclcf.org/sabbatical/	https://www.facebook.com/theclcf	https://www.instagram.com/theclcf	https://www.youtube.com/@theclcf		OK
Geneva Lake	https://www.genevalakeconservancy.org/	Let'sConnect	Geneva Lake Conservancy | Protecting Lands & Waterways	Geneva Lake Conservancy is a 501(c)(3) nonprofit organization that works to protect  and restore the lands and waterways of Walworth County and beyond.	Donate | Home | WHO WE ARE | About | Our History | Our Mission | Board Of Directors / Staff | EVENTS | Calendar | Events | LAKE PROTECTION | LAND PROTECTION | PROGRAMS | Conservation@Home | Conservation@Work	donate, volunteer, ways to donate	https://give.genevalakeconservancy.org/campaign/657112/donate	Other	https://www.genevalakeconservancy.org/contact-us	https://www.genevalakeconservancy.org/registration	https://www.genevalakeconservancy.org/board-of-directors	https://www.facebook.com/GenevaLakeConservancy/	https://www.instagram.com/genevalakeconservancy/	https://www.youtube.com/watch?v=bsEnu31vJ3o		OK
North Central CT	https://www.ncctwi.org/	Protecting Special Places In Central Wisconsin	North Central Conservancy Trust	A Land Trust Protecting Special Places In Central Wisconsin North Central Conservancy Trust is a nonprofit organization. We protect land and natural resources in Central Wisconsin for the benefit of the environment and our community. Read More MISSION STATEMENT: Conserving the natural heritage of Central Wisconsin through the protection of land. CONSERVATION IMPACT: Acres Protected	Skip to content | BECOME A MEMBER | NEWS | CONTACT US | HOME | ABOUT US | History & Mission | What We Do | Accreditation | Protected Lands | Service Area Maps | Our Board | Our Staff | Our Sponsors | Our Partners	volunteering & events, join, 30 acres donated to ncct on big cain creek, volunteer opportunities, donate, renew, please give a warm welcome to our newest ncct board member, pat mcmurtrie!, support ncct, ways to give	https://www.ncctwi.org/donate/	Other	http://eepurl.com/gk8Ngn	https://www.ncctwi.org/category/events/spring-events/	https://www.ncctwi.org/please-give-a-warm-welcome-to-our-newest-ncct-board-member-pat-mcmurtrie/	https://www.facebook.com/ncctwi/	https://www.instagram.com/ncct_landtrust/	https://www.youtube.com/@northcentralconservancytru279		OK
Knowles-Nelson	https://knowlesnelson.org/	the Knowles-Nelson Stewardship program	Knowles Nelson Stewardship – Protecting Land and Water in Wisconsin		Skip to content | About | About Knowles-Nelson | FAQs & Myths | Contact Us | News | Knowles-Nelson in the News | Team Knowles Nelson Updates | Take Action | Explore Toolkit | Impact | Conservation Projects | Research | Natural Infrastructure | How Nature Works For Us	join ussign up for team knowles-nelson to receive action alerts and keep up to date on the budget debate.join now					https://knowlesnelson.org/team-knowles-nelson/	https://www.facebook.com/GatheringWatersWI/	https://www.instagram.com/gatheringwaters/			OK
Land Trust Alliance	https://landtrustalliance.org/		Land Trust Alliance		Why Land Matters | Why Land Matters | Land conservation | About land trusts | What's at stake | Land is the answer | About private land conservation | Conservation priorities | Clean water | Climate change | Equitable land access | Future generations | Family farms and ranches | Habitat conservation | Healthy communities	volunteer, supporting land trusts, supporter benefits, donate now, donate, give, give monthly, join stewards of the land, land trusts with volunteer opportunities, ways to give	https://gaininggroundusa.donorsupport.co/-/XXYZQDKS	Other			/job-board	https://facebook.com/landtrustalliance	https://instagram.com/ltalliance	https://youtube.com/user/LandTrustAlliance	https://linkedin.com/company/land-trust-alliance	OK
Natural Lands Pennsylvania	https://natlands.org/	land for life. nature for all.	Natural Lands | Land for Life. Nature for All.	Natural Lands. Land for Life, Nature for All. Saving open space, caring for nature, and connecting people to the outdoors and each other. Land conservation in Pennsylvania and New Jersey.	nature preserves to explore | Stoneleigh:a natural garden | view all | map | support these places | days & hours | accessibility | trail maps for your smartphone | dos & don'ts | dog rules | photography | deer management | make a date with natureWith 23,000+ acres of land across two states and 13 counties, there’s a lot to explore. | events & news | general events	volunteer – nurture nature, find yourself outsidefrom yoga to bird walks to volunteering, we offer events year-round., ways to volunteer, donate nowmore than ever, “forever” depends on what we do today. together we can make a difference., renew membership, volunteer events, support these places, sell or donate your land, join/renew, volunteer day at sadsbury woods, donate, volunteer – care for nature, corporate volunteering, other ways to give, upcoming volunteer events	https://www.natlands.org/donate/	Other		https://wp.natlands.org/events/category/general/	https://www.natlands.org/what-we-do/about-us/staff-leadership/	https://www.facebook.com/NatLands/	https://www.instagram.com/natural.lands		https://www.linkedin.com/company/natural-lands/	OK
Columbia LT	https://www.columbialandtrust.org/		Conserving The Nature You Love - Columbia Land Trust		Columbia Land Trust on Instagram | Columbia Land Trust on Facebook | Columbia Land Trust on YouTube | Events | Our Conservation Agenda | Donate | Columbia Land Trust | Our Work | News | Ways To Give | Get Involved | About Us | WHAT WE DO | Featured StorySpring/Summer 2025 Fieldbook | Featured StoryWatch “Restoring Wildboy Creek” about Kwoneesum Dam removal	give a gift, donate, ways to give	https://www.columbialandtrust.org/donate/	Other	/newsletter-signup/	/news/events/		https://www.facebook.com/pages/Columbia-Land-Trust/53230984733	http://instagram.com/columbialandtrust	http://www.youtube.com/channel/UCie00CEFdbTKPZ0i6WQuHzQ		OK
Central Indiana LT	https://conservingindiana.org/	Saving Nature, Awakening Wonder	Homepage - Central Indiana Land Trust	Central Indiana Land Trust, Inc. (CILTI) preserves the best of Central Indiana’s natural areas so all can experience the wonder of the state’s natural heritage.	Skip to content | Volunteer | Email Signup | Donate | Homepage | Preserves | Burnett Woods Nature Preserve | Fred and Dorothy Meyer Nature Preserve | Jacob Schramm Nature Preserve | Laura Hare Preserve at Blossom Hollow | Meltzer Woods | Nonie Werbe Krauss Nature Preserve | Oliver’s Woods | Wallace F. Holladay Preserve at Ameriplex | Betley Woods at Glacier’s End	donate today, volunteer, donate to cilti, donate, tax-efficient ways to give, ways to give	/donate-to-cilti/	Other	https://conservingindiana.org/e-newsletter-archive/	/events		https://www.facebook.com/conservingindiana/	https://www.instagram.com/centralindianalandtrust/	https://www.youtube.com/@centralindianalandtrust8410	https://www.linkedin.com/company/central-indiana-land-trust-inc	OK
Low Country LT	https://lowcountrylandtrust.org/		Conservation Organization in Charleston, SC	Lowcountry Land Trust is a conservation organization protecting land in South Carolina through easements, education & community programs.	Skip to content | DONATE | subscribe | What We Do | Protecting Land and Water Forever | Conservation Easements | Land Stewardship | Publicly-Accessible Places | Angel Oak Preserve | Sustaining the Soul of the Lowcountry | News | The Ebb & Flow Blog | Email Newsletter Signup | Latest Impact Report | Events	volunteer opportunities, click here to donate, donate	https://lowcountrylandtrust.org/donate/donation-form/	Other	https://lowcountrylandtrust.org/subscribe-1/	https://lowcountrylandtrust.org/home/sustaining-the-soul-of-the-lowcountry/	https://lowcountrylandtrust.org/staff-and-board/lowcountry-land-trust-staff-updates/	https://www.facebook.com/lowcountrylandtrust	https://www.instagram.com/lowcountrylandtrust	https://www.youtube.com/watch?v=-e4tgPLLLoM&list=PLYQzCpYDTEmca79MIK3BBQ13GAdXgkLhR&pp=gAQBiAQB	https://www.linkedin.com/company/lowcountry-land-trust-inc/	OK
Nature Conservancy	https://www.nature.org/en-us/	The Nature Conservancy	The Nature Conservancy: A World Where People & Nature Thrive	We're working around the world to protect the lands and waters on which all life depends and fight climate change. Join us.	Give Now. | interstitialRedirectModalRedirectCTA | interstitialRedirectModalDismissCTA | Skip to content | English | Español | Donate | What We Do | What We Do | Our Priorities | Tackle Climate Change | Protect Ocean, Land & Fresh Water | Provide Food and Water | Our Insights | Perspectives	give now., volunteer, donate now, donate to our mission, renew, donate, give monthly, give, nature labnature lab is our hub for youth curriculum that gives teachers, students and families customizable, interactive lesson plans to explore and understand nature., other ways to give	/en-us/donateredirect/support-nature/	Other	https://www.natureaustralia.org.au/about-us/sign-up-for-email-updates/	/en-us/get-involved/how-to-help/events/		https://www.facebook.com/thenatureconservancy	https://www.instagram.com/nature_org/	https://www.youtube.com/user/natureconservancy	https://www.linkedin.com/company/the-nature-conservancy/	OK
Aldo Leopold Foundation	https://www.aldoleopold.org/	Where Ethics Meet Earth	The Aldo Leopold Foundation | Where Ethics Meet Earth	Discover where ethics meet earth. Learn about Aldo Leopold's legacy, a Land Ethic®, and our conservation efforts at the Aldo Leopold Foundation.	Crane tours are available. Book yours now! | our work | mission & Vision | The Land Ethic | aldo leopold | The Land Ethic® | Land Ethic® in action | hours & location | tours | leopold-pines conservation area | contact us | learning hub | leopold archives | Leopold Fellowships | Land Ethic® in Action	support our work, volunteer, more ways to give, support our workyour support upholds and advances our mission of environmental stewardship. we deeply appreciate every contribution and invite you to join our mission by giving today., join our newsletter, donate, join the newsletter, join & support	/donate/one-time-sa-donate	Other	/join-and-support/newsletter-sign-up	/visit/tours	/about/board-of-directors	https://www.facebook.com/AldoLeopoldFoundation/?ref=bookmarks	https://www.instagram.com/aldoleopoldfoundation/	https://www.youtube.com/channel/UCbDUto-7-ynE90cOjudYGXQ	https://www.linkedin.com/company/aldo-leopold-foundation/	OK
Conservation MN	https://www.conservationminnesota.org/	ProtectThe Minnesota You Love	Home | Conservation MN		Skip to main content | Conservation MN | What We Do | Biggest Wins | Our Team | Partners | Financials | Jobs | Contact Us | ImageWater | ImageLand | ImageWaste & Toxics | ImageGroupCreated with Sketch.Climate & Energy | Events | News & Insights	donate, donate now, ways to give	/donate	Other	https://www.conservationminnesota.org/news/summer-2025-newsletter	/happening-now/events	/about-us/our-team	http://www.facebook.com/pages/Conservation-Minnesota/15650561930?ref=ts	https://www.instagram.com/conservationminnesota/?hl=en	http://www.youtube.com/user/ConservationMinn		OK
Belwin Conservancy	https://belwin.org/		Belwin Conservancy		Skip to Content | Skip to navigation | About | Mission & Values | Impact: Land & People | Land Acknowledgement | History | Reports & Finances | Staff & Board | Jobs & Opportunities | Blog | Contact | Staff | Events | Español	volunteer, more ways to give, join us, donate, donate online now	https://belwin.org/involved/donate/	Other	https://www.tfaforms.com/4860355	/events	https://belwin.org/about/board-staff/	https://www.facebook.com/belwinconservancy/	https://www.instagram.com/belwinconservancy/	https://www.youtube.com/channel/UC4fZFFDIsSc9OnqTGsp3oGQ		OK
Green Bay Botanical Gardens	https://www.gbbg.org/	Open Daily	Green Bay Botanical Garden	Open Daily 9 am-6:30 pm Plan Your Visit Hours & Daily Admission Saturday, September 27Celebrate our anniversary and the Garden’s deep roots in the community! event Details Upcoming Happenings View Full Calendar About Us Get ready for a show-stopping adventure as you explore 47 acres filled with more than 120,000…	Skip to content | Tickets | Donate | Membership | Account | Visit | Plan Your Visit | Hours & Daily Admission | Calendar | Garden Map | WPS Trellis Gift Shop | Contact Us | Explore | Events & Exhibits | Weddings & Other Rentals	volunteer, support, give a gift, renew membership, donate, join now	https://www.gbbg.org/support/donate/	Other	https://www.gbbg.org/garden-newsletters/	https://www.gbbg.org/visit/calendar/	https://www.gbbg.org/board-of-directors/	https://www.facebook.com/GreenBayBotanicalGarden	https://www.instagram.com/gbbotanicalgarden/		https://www.linkedin.com/company/green-bay-botanical-garden/posts/?feedView=all	OK
Woodland Dunes	https://www.woodlanddunes.org/	Adventure Awaits	Woodland Dunes Nature Center & Preserve		Skip to content | Open toolbarAccessibility Tools | Increase TextIncrease Text | Decrease TextDecrease Text | GrayscaleGrayscale | High ContrastHigh Contrast | Negative ContrastNegative Contrast | Light BackgroundLight Background | Links UnderlineLinks Underline | Readable FontReadable Font | ResetReset | Skip to primary navigation | Skip to main content | Home | About	support, volunteer opportunities, continue readingvolunteer opportunities, donate, continue readingdonate	https://www.woodlanddunes.org/support/donate/	Other		https://www.woodlanddunes.org/calendar/	https://www.woodlanddunes.org/about/board-of-directors/	https://www.facebook.com/profile.php?id=100064917630306		https://www.youtube.com/@woodlanddunesnaturecenterp7507		OK
Standing Cedars	https://standingcedars.org/	We Are Standing Cedars	Standing Cedars Land Trust		Skip to content | AboutUs | Land inConservancy | Engelwood | Tewksbury | Buffalo Skull | Brown | ProtectYour Land | SupportOur Work | News& Events | Volunteer | ContactUs | AboutUs | Land inConservancy | Engelwood	support our work, volunteerlearn about volunteering at standing cedarssign up, volunteer, donate now, donate, supportour work	https://www.mightycause.com/organization/Standing-Cedars-Community-Land-Conservancy	Other		https://standingcedars.org/news-events/						OK
Crossroads at Big Creek	https://crossroadsatbigcreek.org/	COME EXPLORE...	Home - Crossroads at Big Creek	Welcome to Crossroads at Big Creek, a 200-acre nature preserve and learning center located in Sturgeon Bay, Wisconsin.	Skip to content | About | Mission And Values | Our People | Facilities | Events | Calendar | Field Trips | Recurring Events | Junior Nature Club | Explore | Big Creek | The Cove | Ida Bay | Restoration	volunteer appreciation night, volunteer, donate now, volunteer opportunities, give	https://crossroadsatbigcreek.org/become-involved/give/	Other	http://crossroadsatbigcreek.org/wp-content/uploads/2025/03/Spring-2025-Email-Newsletter.pdf	https://crossroadsatbigcreek.org/events-calendar/		https://www.facebook.com/CrossroadsAtBigCreek	https://www.instagram.com/crossroadsatbigcreek/			OK
River Edge Nature Center	https://riveredgenaturecenter.org/	A new kind ofnaturecenter	Riveredge Nature Center		Skip to content | Help us renovate the Visitor Center and create an accessible trail loop!! | Visit | Plan a Visit | Hours and Fees | Maps and Directions | VENUE RENTALS | Accessibility at Riveredge | All-Terrain Wheelchair | Calendar | Programs | About | Mission, Vision, Values | Our History | Board	volunteer, join, give, donate, join our team, ways to give	https://secure.riveredgenaturecenter.org/forms/donate	Other		https://riveredgenaturecenter.org/events/	https://riveredgenaturecenter.org/staff/	https://www.facebook.com/riveredgenaturecenter/	https://www.instagram.com/riveredgenaturecenter/	https://www.youtube.com/channel/UCwaOkZYuVLjta80vSxSHMBw	https://www.linkedin.com/company/riveredge-nature-center-inc/	OK
Appalachian Trail	https://appalachiantrail.org/	Discover the Appalachian Trail	Appalachian Trail Conservancy	The mission of the Appalachian Trail Conservancy is to protect, manage, and advocate for the Appalachian National Scenic Trail.	Open submenu (Explore the A.T.) | Explore the A.T. | Open submenu (Our Work) | Our Work | Open submenu (Get Involved) | Get Involved | Open submenu (News & Events) | News & Events | Shop | Trail Updates | Contact Us | Donate | GIVE MONTHLY | Close submenu (Explore the A.T.) | Explore the A.T.	a.t. volunteer opportunities, join todaybecome a memberas an atc member, you'll keep the trail alive with your support! plus, you'll get membership benefits like a subscription to our member magazine, discounts on farout a.t. trail guides, and a member discount in the atc trail store., become an a.t. stewardvolunteervolunteers are the heart and soul of the appalachian trail. we have plenty of opportunities for you to give back to the trail you love so much., volunteer, hurricane helene recoverywe've gathered the latest resources and information about ongoing clean up efforts for 2025 a.t. hikers and volunteers., support our workdonate todaywe rely on the generosity of donors like you to help us fulfill our mission and vision of protecting the appalachian trail., donate, give monthly, ways to give	https://connect.clickandpledge.com/w/Form/79420bd0-a13c-4189-98aa-dda5cab8fd0e?638748783565447750	Other	https://appalachiantrail.org/news-events/newsletters/	https://wildeast.appalachiantrail.org/events/	https://wildeast.appalachiantrail.org/our-work/about-us/board-leadership/	https://www.facebook.com/ATHike	https://www.instagram.com/appalachiantrail/	https://www.youtube.com/user/atconservancy	https://www.linkedin.com/company/appalachian-trail-conservancy	OK
1000 Friends	https://1kfriends.org/	1000 Friends of Wisconsin	1000 Friends of Wisconsin - the Land Use Institute	We promote land use policies & activities that advance healthy communities, natural resources protection & environmental benefits in Wisconsin.	Skip to content | 1000 Friends of Wisconsin | About Us | Mission & Vision | How We Are Different | History | Testimonials | Staff | Board of Directors | Annual Reports/Financials | What We Do | Climate Change | Community Transportation Academy | Land Use Planning | Transportation	join our mailing list, donate now, other ways to give, 1k friends supports policies to create more housing in madison	https://donorbox.org/donate-1kfriends	Other		https://1kfriends.org/category/events/	https://1kfriends.org/board-of-directors/	https://www.facebook.com/1kfriends	https://www.instagram.com/1kfriends/	https://www.youtube.com/user/1000FriendsWisconsin	https://www.linkedin.com/company/1000-friends-of-wisconsin/	OK
Wisc Wildlife Foundatoin	https://wiwf.org/cdnwiwf/	Wisconsin Wildlife Federation	Home Page - Wisconsin Wildlife Federation		Skip to content | Purchase your 2024 Wisconsin Wildlife Federation Raffle Calendar HERE | Purchase your 2024 Wisconsin Wildlife Federation Raffle Calendar HERE | Click Here | Click Here | Wisconsin Wildlife Federation | Menu | Home | WISCONSERVATION E-MAG | Current Issue | News | Free E-Mag Subscription | Awards | Awards Criteria | Nomination Form	donate	/cdnwiwf/make-a-donation-to-wwf/	Other	/cdnwiwf/subscriber-agreement-and-terms-of-use/	/cdnwiwf/conservation-calendar-raffle-program/	/cdnwiwf/officers-staff-and-board/	https://www.facebook.com/WisconsinWildlifeFederation/		https://www.youtube.com/channel/UCbSFLqwuUWoxiotnvwcuanA		OK
Wisconsin Wetlands	https://www.wisconsinwetlands.org/		Wisconsin Wetlands Association		About | Mission | Our story | How We Work | Board of Directors | Staff | Reports and financials | Contact | Learn | About wetlands | Wetlands 101 | Types of wetlands | Benefits of wetlands | Explore Wisconsin’s wetlands | For landowners	donate today, support, join us, renew membership, ways to give, donate, give a gift of stock, give via your ira	https://www.wisconsinwetlands.org/ways-to-give/	Other			https://www.wisconsinwetlands.org/jobs-board/	https://www.facebook.com/WisconsinWetlands				OK
Wisconsin's Greenfire	https://wigreenfire.org/	Our Work	Wisconsin's Green Fire • Wisconsin’s Green Fire	Wisconsin’s Green Fire supports our conservation legacy by promoting science-based management of natural resources.	Skip to content | Support Our Work | About | About Wisconsin’s Green Fire | Who We Are | Staff | Board of Directors | WGF Ambassadors | Science Council | Work Groups | Land Acknowledgement Statement | Our Conservation Priorities | Annual Reports | Our Work | Latest Work	support our work, wgf joins nitrate watch program, news release: wgf supports audit findings that confirm the wdnr properly managed fish and wildlife account funds, join usin advancing science-based conservation in wisconsin., support wgf today - donate and become a member, become a member support our work, click here to donate online, click here for more ways to give, become a supporter of wisconsin's green fire today!	https://wigreenfire.org/make-a-difference/support-our-work/	Other	https://wigreenfire.org/newsletters/	https://wigreenfire.org/events/	https://wigreenfire.org/board-of-directors/	https://www.facebook.com/wigreenfire	https://www.instagram.com/wisgreenfire/	https://www.youtube.com/@wisconsinsgreenfire6408	https://www.linkedin.com/company/wisconsin-s-green-fire-inc	OK
Waukesha Conservation	https://waukeshalandconservancy.org/		Waukesha County Land Conservancy Website	A nonprofit land trust protecting and caring for environmentally significant land and water in Waukesha County for future generations.	Home | About Us | Annual Report | Our Preserves | Our Easements | Events | Volunteer | Hunt | Shop | Giving | Membership | CONTACT US | sign up for news | Support Conservation | Learn more	support conservation, volunteer with us, volunteer				#page-3						OK
Ulao Creek	https://www.ulaocreek.org/		Ulao Creek Partnership		0 | Skip to Content | Ulao Creek Partnership | HOME | ABOUT | PROJECTS | PARTNERS | FAQs & RESOURCES | CONTACT | DONATE/ JOIN | Ulao Creek Partnership | HOME | ABOUT | PROJECTS | PARTNERS	donate/ join, volunteer and join	/donate-join	Other				https://www.facebook.com/4lnrp?__cft__[0]=AZU5gs2xcU9LTGtO6KisVX1BMi1ZUPi3On6jzEyf-B3W7nCc09JMNMe0c0_3WXKz9YgB-cd0oBGCWfZGWs0LRekP7uU-sJIFA7DGtcIGho8Ld9cb0RKrllBnbC1DaxFTlk2liAkGsI4tq2i2HEr7XRiSm9N7n_mR2DcxGprhTniSLgssJIu9NVPP-Mtv9VVh-uQSN2QSIrhKKdQr3SuJM4EH657O-DrjTLTdGa0o2r-ZG3ecIlFuBr47GcThqp2iQHo&__tn__=-]K-R				OK
Wisconsin Trout	https://wicouncil.tu.org/	Wisconsin Council of Trout Unlimited	Home - Wisconsin Council	Caring for and recovering Wisconsin's cold water lakes & rivers and the trout that call them home	Skip to content | Wisconsin Council | Get Involved | Support Our Work | Attend An Event | Volunteer Locally | Wisconsin TU License Plates | Programs and Activities | Conservation & Restoration | Youth Education | Community Activities | Friends of Wisconsin TU Grant Program | Watershed Access Program | 2026 Wisconsin Trout Unlimited Banquet | About Us	support our work, volunteer locally, join, donate	https://wicouncil.tu.org/donate/	Other	https://wicouncil.tu.org/about-us/wisconsin-trout-newsletter/	/get-involved/attend-an-event/						OK
Ruffed Grouse Society	https://ruffedgrousesociety.org/	RGS	RGS – Healthy Forests, Abundant Wildlife, Conservation Ethic	Healthy Forests, Abundant Wildlife, Conservation Ethic	JOIN | DONATE | Skip to primary navigation | Skip to main content | Skip to footer | RGS | Give | Donate | Planned Giving | Get Involved | Events | Subscribe | Get to Know Your Region | Northeast | Mid-Atlantic	donate today, join, join / renew, donate, give, join or renew today, join rgs & aws	https://www.uplandstore.org/products/donation	Other	https://ruffedgrousesociety.org/welcome-to-the-bellwether/	https://ruffedgrousesociety.org/events/	https://ruffedgrousesociety.org/rgs-aws-staff/	https://www.facebook.com/RuffedGrouseSociety	https://www.instagram.com/RuffedGrouseSociety/	https://www.youtube.com/RuffedGrouseSociety		OK
Rails to Trails	https://www.railstotrails.org/		Rails to Trails Conservancy: Building A Nation Connected By Trails | Rails to Trails Conservancy	Rails to Trails Conservancy is building a nation connected by trails, reimagining public spaces to create safe ways to be active outdoors.	Skip to content | TrailLink | Great American Rail-Trail | TrailNation Summit | TrailBlog | Press Room | My Account | Logout | Find Trails | Shop | Donate | Renew | Donate | Find Trails | Shop	donate today, support great american rail-trail, join the trailnation collaborative for advocates and professionals working on trail networks, membership & other ways to give, renew membership, join the trailnation collaborative, donate, renew, supporting trail builders, ways to support rtc, support trails	https://secure.railstotrails.org/site/Donation2?df_id=14366&mfc_pref=T&14366.donation=form1&s_src=website&s_subsrc=nav-button	Other	https://secure.railstotrails.org/site/Donation2?df_id=13282&mfc_pref=T&13282.donation=form1&s_src=website&s_subsrc=nav		https://www.railstotrails.org/about/staff/	https://www.facebook.com/railstotrails	https://instagram.com/railstotrails	https://www.youtube.com/c/RailstoTrailsConservancy	https://www.linkedin.com/company/railstotrails/	OK
Riverland	https://riverlandconservancy.org/	RIVERLAND CONSERVANCY	Home - Riverland Conservancy	"We accomplish our mission through three main initiatives: Education, Stewardship, and Partnerships 

Our 1,642-acre preserve located in southcentral Wisconsin is a peaceful oasis for wildlife and people alike. 

Our 200-acre preserve located along the Mississippi River in northeast Iowa features rugged cliffs and soaring eagles. 

If you like our work and want to help, make"	Skip to content | HOME | ABOUT US | WHAT WE DO | WHO WE ARE | UPCOMING EVENTS | MERRIMAC | DESCRIPTION | VISITING | LANSING | CONTACT | DONATE | HOME | ABOUT US | WHAT WE DO	support us, donate	https://riverlandconservancy.org/donate/	Other		https://riverlandconservancy.org/upcoming-events/						OK
LNRP	https://www.lnrp.org/	We all live on the water…	Lakeshore Natural Resource Partnership	"We seek to cultivate community & stewardship for natural resources from the 
Ledge to the Lakeshore in Northeast Wisconsin."	MISSION | VISION | OUR STORY | Our Impact | PARTNERS | BOARD | STAFF | JOIN OUR TEAM | GET INVOLVED | Volunteer | News + Updates | Why LNRP? | Coastal Resilience Project | Coastal Resource Hub | RESOURCES	other ways to support, support, volunteer, give today, join our team					/team/#joinourteam	https://www.facebook.com/4lnrp	https://www.instagram.com/4lnrp/	https://www.youtube.com/@4LNRP		OK
Great Headwaters	https://ghtrails.org/		Great Headwaters Trails Foundation, Inc. – Family Friendly Hiking & Biking		Skip to content | Trail System | What is the GHTF System? | Plans and Progress | Community Benefits | Conover-Phelps Trail | Eagle River City Connector | River Trail | Eagle River-Conover Trail | Conover-Land O’ Lakes Trail | News & Events | News | E-Newsletters | Ride with Leinie 2025 | SepTimber Ride 2025	vilas county news-review: connector bike trail gets fresh paint; volunteers install bollards for season, vilas county news review: cloverland board unanimously re-pledges support for river trail project, volunteer opportunities, donate, donate today!, volunteer today!	https://ghtrails.org/donate/	Other	https://ghtrails.org/enewsletters/	https://ghtrails.org/ght-news/	https://ghtrails.org/board-2/	https://www.facebook.com/ghtrails		https://www.youtube.com/channel/UC2tonVl51uJIHKYhy9ZYhJQ		OK
Chippewa Conservancy	https://www.chippewaconservancy.org/	Conservingnatural landin Chippewa County for everyone and Earth	Chippewa County Land Conservancy	"Chippewa County Land Conservancy is a non-profit land trust, or 
environmental conservation organization, conserving land in Chippewa 
County, Wisconsin."	0 | Skip to Content | Home | Volunteer | Events | Preserves | Blog | About | Contact | Donate | Home | Volunteer | Events | Preserves | Blog	volunteer with us, volunteer, plant hike with an herbalist—join us!, donate, a word of thanks to a special volunteer	/donate	Other	/s/Field-Notes-2023.pdf	/events	/field-notes/ti014htv4rzlnic1hi6sx0oz5xi52f	https://www.facebook.com/chippewaconservancy	https://www.instagram.com/chippewaconservancy/			OK
Baraboo Range	https://www.baraboorange.org/	The Baraboo Range Preservation Association is a land trust which works to preserve and protect the qualities and culture of the Baraboo Range through promotion of ecologically responsible land use.  We achieve our mission through collaboration with groups having similar goals, community education, and land protection projects.	Baraboo Range Preservation Association	A local land trust preserving and protecting the qualities and culture of the Baraboo Range	Home | About | Executive Director Position | Board of Directors | Board Member Login | Staff | History | Donation | Lecture Series | 2024 Series | 2023 Series | 2022 Series | 2021 Series | Land Protection | Conservation Easements	donate	https://www.baraboorange.org/donation	Other			https://www.baraboorange.org/staff	https://www.facebook.com/BarabooRange/				OK
Wisconservation	https://www.wisconservation.org/		Natural Resources Foundation of Wisconsin	Natural Resources Foundation of Wisconsin provides funding for Wisconsin's lands, waters, and wildlife and environmental education.	2021-2023 Strategic Plan | About | 2019 C.D. Besadny Conservation Fund Awarded to 19 Organizations Across Wisconsin | Annual Reports & Financials | Anonymous half-million dollar donation creates hope for Wisconsin pollinators | Board of Directors | Bridges member magazine | Contact | Natural Resources Foundation of Wisconsin welcomes new Executive Director | News | Natural Resources Foundation of Wisconsin Welcomes New Executive Director | News Archives | Our Mission | Staff | Accessible Recreation	donate or join, how to give, join or renew, volunteer, join us, donate now, give, our supporters, bird protection fund announces plans to support wisconsin birds in 2020	https://donatenow.networkforgood.org/wisconservation	Network for Good	https://www.bonfire.com/store/natural-resources-foundation-of-wisconsin/?utm_source=Master%20List&utm_campaign=5bcec5e61d-EMAIL_CAMPAIGN_2020_09_07_07_30_COPY_01&utm_medium=email&utm_term=0_72d6771e0d-5bcec5e61d-	https://www.wisconservation.org/elpevents/	https://www.wisconservation.org/about-us/board-of-directors/	https://www.facebook.com/NaturalResourcesFoundation	https://www.instagram.com/wisconservation/	https://www.youtube.com/@Wisconservation	https://www.linkedin.com/company/natural-resources-foundation-of-wisconsin/?viewAsMember=true	OK
Truckee Land Trust	https://www.truckeedonnerlandtrust.org/		Truckee Donner Land Trust		Our Story | Projects | WAYS TO GIVE | How To Help | News & Events | Explore | How To Help | News & Events | Explore | Our Story | Projects | WAYS TO GIVE | MAKE RESERVATIONS | READ MORE | LEARN MORE	ways to give				/news-events		https://www.facebook.com/truckeedonnerlandtrust/	https://www.instagram.com/truckeedonnerlandtrust/			OK
Golden Gate Parks Conservancy	https://www.parksconservancy.org/	Help keep GGNRA beaches beautiful	Golden Gate National Parks Conservancy: Parks For All Forever | Golden Gate National Parks Conservancy		Skip to main content | Learn more | Lands End Lookout Temporary Closure | Join the massive statewide effort | Coastal Clean-up Day | Get Trails Forever Dinner tickets | An unforgettable Lands End evening | Visit Alcatraz Now | Alcatraz: More than a landmark. | Learn more | Lands End Lookout Temporary Closure | Join the massive statewide effort | Coastal Clean-up Day | Get Trails Forever Dinner tickets | An unforgettable Lands End evening	group volunteer programs, specialized volunteer roles, volunteer, give today, join the volunteer effort, volunteer opportunities, donate, give monthly, community volunteer programs, join the massive statewide effort	https://secure.parksconservancy.org/site/Donation2?df_id=8480&mfc_pref=T&8480_donation=form1&config_id=&s_src=web&s_subsrc=nav_button&utm_source=nav_button&utm_medium=web&utm_campaign=web	Other		https://www.parksconservancy.org/events	/about/board-trustees	https://www.facebook.com/parksconservancy	http://instagram.com/parksconservancy	http://www.youtube.com/parksconservancy?sub_confirmation=1		OK
Keweenaw Land Trust	https://keweenawlandtrust.org/	Stewardship work on our protected lands	Home | Keweenaw Land Trust	Summary text here.	Skip to main content | ~Give~ | Who we are | Mission & Values | Our Staff & Board | Accreditation | Publications | Our Partners | What we do | All Protected Lands | Land Conservation | Land Stewardship | Education and Outreach | Visit | Overview & Map	~give~, volunteer, support our work			/get-email-updates	/upcoming-events	/kltea-time-board-director-edition-september-5-400pm-600pm	https://www.facebook.com/KeweenawLandTrust/			https://www.linkedin.com/company/keweenaw-land-trust	OK
Land Trust Alliance	https://landtrustalliance.org/		Land Trust Alliance		Why Land Matters | Why Land Matters | Land conservation | About land trusts | What's at stake | Land is the answer | About private land conservation | Conservation priorities | Clean water | Climate change | Equitable land access | Future generations | Family farms and ranches | Habitat conservation | Healthy communities	volunteer, supporting land trusts, supporter benefits, donate now, donate, give, give monthly, join stewards of the land, land trusts with volunteer opportunities, ways to give	https://gaininggroundusa.donorsupport.co/-/XXYZQDKS	Other			/job-board	https://facebook.com/landtrustalliance	https://instagram.com/ltalliance	https://youtube.com/user/LandTrustAlliance	https://linkedin.com/company/land-trust-alliance	OK
Sierra Club	https://www.sierraclub.org/	Fight for the Planet	Home | Sierra Club		Menu | Skip to main content | DONATE | Jacksonport, WI | View all chapters | Turn location off | Login | Shop | Join | Renew | About Us | Explore Issues | Climate | Fossil Fuels | Pipelines	give now, volunteer, join, give now >>, renew membership, donate, renew, give monthly, renewable energy, ways to give	https://act.sierraclub.org/donate/rc_connect__campaign_designform?id=701Po000016lFnjIAE&formcampaignid=7010Z000002B03qQAC&utm_campaign=giving&ddi=N25JOTF001	Other				https://facebook.com/sierraclub	https://instagram.com/sierraclub	https://www.youtube.com/user/NationalSierraClub	https://www.linkedin.com/company/sierraclub/	OK
Whales and Dolphins	https://uk.whales.org/	Who we are	Home - Whale and Dolphin Conservation	WDC, Whale and Dolphin Conservation is the leading global charity dedicated to the conservation and protection of all whales, dolphins and porpoises. Donate or adopt today.	Skip to content | Donate | Adopt | Search | Home | Whales and dolphins | Species guide | Facts and figures | Whales are climate giants | Whale culture | How to be a whale | Whale and dolphin watching | WDC publications and reports | What we do | Stop cruelty	volunteering, donate	https://uk.whales.org/support/donate/	Other	https://uk.whales.org/newsletter/?enl=referrer_fixed&ref=WM-WDCW-20-00-00-ENL	https://uk.whales.org/support/challenge-events/	https://uk.whales.org/the-team/	https://www.facebook.com/whalesorg	https://www.instagram.com/whalesorg/	https://www.youtube.com/whalesorg	https://www.linkedin.com/company/whale-and-dolphin-conservation	OK
Missouri Land Trust	https://missourilandtrusts.org/	Missouri Land Trust Coalition	Missouri Land Trust Coalition - Protecting Land in Missouri	Missouri Land Trust Coalition is an association of land trusts, working to conserve a wide variety of landscapes across Missouri.	Skip to content | |Members » | Home | Who We Are | MLTC – Who We Are | About Missouri Land Trust Coalition | Member Land Trusts | Associate Members | Where We Work | v | START HERE » | About Land Trusts | About Land Trusts | About Land Trusts | What is a Land Trust?							https://www.facebook.com/profile.php?id=100087254721093	https://www.instagram.com/molandtrusts/	https://www.youtube.com/channel/UCKrFUufsnjopAADJyTxcoTQ		OK
Indiana Land Protection Alliance	https://www.protectindianaland.org/		Indiana Land Protection Alliance - ILPA	Indiana Land Protection Alliance is a network of nonprofit land trusts working together to conserve land throughout the state.	Skip to main content | Home | Our Work | About ILPA | Strategic Plan | Indiana Bioinventory Grant | Discover Your Land Trust | Indiana Land Trusts | About Land Trusts | Service Area Map | Land Protection Options | Get Involved | How to Get Involved | Visit a Preserve | Indiana Wetlands Challenge	join a hike, donate	https://www.protectindianaland.org/donate/	Other		/category/news	https://www.protectindianaland.org/ilpa-team/					OK
Greenbelt	https://www.ecga.org/	Protecting Land & Nature	Protecting Land & Nature - Greenbelt		Skip to main content | Things To Do | Events | Explore | Families | Virtual Tours | Community Gardens | Policies & FAQs | Conservation | Conserve Your Land | Recent Success Stories | Current Projects | Caring for the Land | Farmland Conservation | Our Conservation Partners	volunteer, more ways to give…, support greenbelt’s annual fund, volunteer opportunities, donate	/support/donate	Other	/about/publications/signup	/events	/about/staff	https://www.facebook.com/ECGreenbelt/	https://www.instagram.com/ecgreenbelt/	https://www.youtube.com/@EssexCountyGreenbelt	https://www.linkedin.com/company/essex-county-greenbelt-association	OK
Mass Audubon	https://www.facebook.com/thetrustees	The Trustees	The Trustees | Boston MA | Facebook	The Trustees, Boston. 48,752 likes · 380 talking about this · 146 were here. We love the outdoors. We love Massachusetts’ special places. And we...	Log In | Forgot Account? | 54Kfollowers | 255following | Posts | About | Reels | Photos | The Trustees | http://www.thetrustees.org | thetrustees.org/places | 96% recommend (80 Reviews)﻿ | Photos | See all photos | Privacy							https://www.facebook.com/login/device-based/regular/login/?login_attempt=1&next=https%3A%2F%2Fwww.facebook.com%2Fthetrustees				OK
