Type	Name	Website	Instagram	Facebook	YouTube	Website_norm
Type	Name	Website	Instagram	Facebook	Youtube	website
Wisc LT	Groundswell	https://groundswellconservancy.org/	https://www.instagram.com/groundswell.wi	https://www.facebook.com/groundswell.wi/		https://groundswellconservancy.org
Wisc LT	Ice Age Trail	https://www.iceagetrail.org/	https://www.instagram.com/iceagetrailorg	https://www.facebook.com/iceagetrail	https://www.youtube.com/@iceagetrail	https://www.iceagetrail.org
Wisc LT	Driftless	https://www.driftlessconservancy.org/	https://www.instagram.com/driftless_dalc/	https://www.facebook.com/driftlessconservancy	https://www.youtube.com/channel/UCVA-I8CGn-XqahF6GD5GSTA	https://www.driftlessconservancy.org
Wisc LT	SW Wisc Birds	https://swibirds.org/	https://www.instagram.com/swibirds	https://www.facebook.com/swibirds/	https://www.youtube.com/@SWiBirds	https://swibirds.org
Wisc LT	Tall Pines	https://tallpinesconservancy.org/	https://www.instagram.com/tall_pines_conservancy/	https://www.facebook.com/people/Tall-Pines-Conservancy/100064812427853/	https://www.youtube.com/user/TallPinesConservancy	https://tallpinesconservancy.org
Wisc LT	Northwoods LT	https://northwoodslandtrust.org/	https://www.instagram.com/northwoods_land_trust/	https://www.facebook.com/NorthwoodsLandTrust/	https://www.youtube.com/@northwoodslandtrust6460	https://northwoodslandtrust.org
Wisc LT	Prairie Enthusists	https://theprairieenthusiasts.org/	https://www.instagram.com/theprairieenthusiasts/	https://www.facebook.com/ThePrairieEnthusiasts	https://www.youtube.com/@theprairieenthusiasts350	https://theprairieenthusiasts.org
Wisc LT	Gathering Waters	https://gatheringwaters.org/	https://www.instagram.com/gatheringwaters/	https://www.facebook.com/GatheringWatersWI/		https://gatheringwaters.org
Wisc LT	Ozaukee Washington LT	https://www.owlt.org/	https://www.instagram.com/owlt1992/	https://www.facebook.com/owlt1992/	https://www.youtube.com/channel/UCFW7IgqFkxwYH3NAK9u44TQ	https://www.owlt.org
Wisc LT	Ridges	https://ridgessanctuary.org/	https://www.instagram.com/ridgessanctuary/	https://www.facebook.com/RidgesSanctuary	https://www.youtube.com/@TheRidgesSanctuary	https://ridgessanctuary.org
Wisc LT	Kinnickinnic River	https://www.kinniriver.org/	https://www.instagram.com/kinnickinnic_river_land_trust/	https://www.facebook.com/kinniriver/	https://www.youtube.com/channel/UCHdX7n0eAGnxwJ3piScHB0Q	https://www.kinniriver.org
Wisc LT	Glacial Lakes	https://www.glaciallakes.org/	https://www.instagram.com/glacial.lakes/	https://www.facebook.com/people/Glacial-Lakes-Conservancy/100064727197140/		https://www.glaciallakes.org
Wisc LT	Mississippi Valley	https://mississippivalleyconservancy.org/	https://www.instagram.com/mississippi_valley_conservancy/	https://www.facebook.com/mississippivalleyconservancy	https://www.youtube.com/user/BluffConservancy	https://mississippivalleyconservancy.org
Wisc LT	Baird Creek	https://bairdcreek.org/	https://www.instagram.com/baird_creek/	https://www.facebook.com/BairdCreek/		https://bairdcreek.org
Wisc LT	Midwest Environmental Advocates	https://midwestadvocates.org/	https://www.instagram.com/midwestadvocates/	https://www.facebook.com/MidwestEnvironmentalAdvocates	https://www.youtube.com/@midwestenvironmentaladvoca6119	https://midwestadvocates.org
Wisc LT	Landmark	https://landmarkwi.org/	https://www.instagram.com/landmarkwisconsin/	https://www.facebook.com/LandmarkConservancyWI/		https://landmarkwi.org
Wisc LT	NEW LT	https://www.newlt.org/	https://www.instagram.com/newlandtrust96/	https://www.facebook.com/northeastwisconsinlandtrust/	https://www.youtube.com/@northeastwisconsinlandtrus7389	https://www.newlt.org
Wisc LT	Kettle Moraine LT	https://kmlandtrust.org/	https://www.instagram.com/kettlemorainelandtrust	https://www.facebook.com/KettleMoraineLandTrust/		https://kmlandtrust.org
Wisc LT	Cedar Lake	https://theclcf.org/	https://www.instagram.com/theclcf	https://www.facebook.com/theclcf	https://www.youtube.com/@theclcf	https://theclcf.org
Wisc LT	Geneva Lake	https://www.genevalakeconservancy.org/	https://www.instagram.com/genevalakeconservancy/	https://www.facebook.com/GenevaLakeConservancy/	https://www.youtube.com/@genevalakeconservancy3194	https://www.genevalakeconservancy.org
Wisc LT	North Central CT	https://www.ncctwi.org/	https://www.instagram.com/ncct_landtrust/	https://www.facebook.com/ncctwi		https://www.ncctwi.org
Wisc	Knowles-Nelson	https://knowlesnelson.org/				https://knowlesnelson.org
	Land Trust Alliance	https://landtrustalliance.org/	https://www.instagram.com/LTAlliance	https://www.facebook.com/landtrustalliance	https://www.youtube.com/user/LandTrustAlliance	https://landtrustalliance.org
	Natural Lands Pennsylvania	https://natlands.org/	https://www.instagram.com/natural.lands/	https://www.facebook.com/NatLands/		https://natlands.org
	Columbia LT	https://www.columbialandtrust.org/	https://www.instagram.com/columbialandtrust	https://www.facebook.com/ColumbiaLT/	https://www.youtube.com/channel/UCie00CEFdbTKPZ0i6WQuHzQ	https://www.columbialandtrust.org
	Central Indiana LT	https://conservingindiana.org/	https://www.instagram.com/centralindianalandtrust/	https://www.facebook.com/conservingindiana/	https://www.youtube.com/channel/UCtabDTMpDg1C0ZmySMiK1lw	https://conservingindiana.org
	Low Country LT	https://lowcountrylandtrust.org/	https://www.instagram.com/lowcountrylandtrust	https://www.facebook.com/lowcountrylandtrust		https://lowcountrylandtrust.org
	Nature Conservancy	https://www.nature.org/en-us/	https://www.instagram.com/nature_org/	https://www.facebook.com/thenatureconservancy	https://www.youtube.com/user/natureconservancy	https://www.nature.org/en-us
Wisc Eco	Aldo Leopold Foundation	https://www.aldoleopold.org/	https://www.instagram.com/aldoleopoldfoundation/	https://www.facebook.com/AldoLeopoldFoundation/?ref=bookmarks	https://www.youtube.com/channel/UCbDUto-7-ynE90cOjudYGXQ	https://www.aldoleopold.org
	Conservation MN	https://www.conservationminnesota.org/	https://www.instagram.com/conservationminnesota/	https://www.facebook.com/ConservationMN/	https://www.youtube.com/user/ConservationMinn	https://www.conservationminnesota.org
	Belwin Conservancy	https://belwin.org/	https://www.instagram.com/belwinconservancy/	https://www.facebook.com/belwinconservancy/	https://www.youtube.com/channel/UC4fZFFDIsSc9OnqTGsp3oGQ	https://belwin.org
	Green Bay Botanical Gardens	https://www.gbbg.org/	https://www.instagram.com/gbbotanicalgarden/	https://www.facebook.com/GreenBayBotanicalGarden/		https://www.gbbg.org
	Woodland Dunes	https://www.woodlanddunes.org/		https://www.facebook.com/people/Woodland-Dunes-Nature-Center-and-Preserve/100064917630306/	https://www.youtube.com/@woodlanddunesnaturecenterp7507	https://www.woodlanddunes.org
	Standing Cedars	https://standingcedars.org/				https://standingcedars.org
	Crossroads at Big Creek	https://crossroadsatbigcreek.org/	https://www.instagram.com/crossroadsatbigcreek/	https://www.facebook.com/CrossroadsAtBigCreek		https://crossroadsatbigcreek.org
	River Edge Nature Center	https://riveredgenaturecenter.org/	https://www.instagram.com/riveredgenaturecenter/	https://www.facebook.com/riveredgenaturecenter/	https://www.youtube.com/channel/UCwaOkZYuVLjta80vSxSHMBw	https://riveredgenaturecenter.org
	Appalachian Trail	https://appalachiantrail.org/	https://www.instagram.com/appalachiantrail/	https://www.facebook.com/ATHike	https://www.youtube.com/user/atconservancy	https://appalachiantrail.org
	1000 Friends	https://1kfriends.org/	https://www.instagram.com/1kfriends/	https://www.facebook.com/1kfriends		https://1kfriends.org
	Wisc Wildlife Foundatoin	https://wiwf.org/cdnwiwf/		https://www.facebook.com/WisconsinWildlifeFederation/	https://www.youtube.com/channel/UCbSFLqwuUWoxiotnvwcuanA	https://wiwf.org/cdnwiwf
	Wisconsin Wetlands	https://www.wisconsinwetlands.org/		https://www.facebook.com/WisconsinWetlands		https://www.wisconsinwetlands.org
	Wisconsin's Greenfire	https://wigreenfire.org/	https://www.instagram.com/wisgreenfire/	https://www.facebook.com/wigreenfire	https://www.youtube.com/channel/UCvX2ONR2agCeT5fTOVDordA	https://wigreenfire.org
	Waukesha Conservation	https://waukeshalandconservancy.org/	https://www.instagram.com/wclandconservancy/	https://www.facebook.com/waukeshalandconservancy/	https://www.youtube.com/channel/UCHVXK1yc-9WEgbsaD26tRgA?view_as=subscriber	https://waukeshalandconservancy.org
	Ulao Creek	https://www.ulaocreek.org/		https://www.facebook.com/profile.php?id=100057720840539	https://www.youtube.com/watch?v=VY3pEzfYO1g	https://www.ulaocreek.org
	Wisconsin Trout	https://wicouncil.tu.org/				https://wicouncil.tu.org
	Ruffed Grouse Society	https://ruffedgrousesociety.org/	https://www.instagram.com/ruffedgrousesociety		https://www.youtube.com/watch?v=Kmr9CUWk17E	https://ruffedgrousesociety.org
	Rails to Trails	https://www.railstotrails.org/	https://www.instagram.com/railstotrails	https://www.facebook.com/railstotrails	https://www.youtube.com/c/RailstoTrailsConservancy	https://www.railstotrails.org
	Riverland	https://riverlandconservancy.org/				https://riverlandconservancy.org
	LNRP	https://www.lnrp.org/	https://www.instagram.com/4lnrp/	https://www.facebook.com/4lnrp	https://www.youtube.com/channel/UC4N3DxsZvb-Bn-Y2hS-RcnA	https://www.lnrp.org
	Great Headwaters	https://ghtrails.org/		https://www.facebook.com/GHTrails/	https://www.youtube.com/channel/UC2tonVl51uJIHKYhy9ZYhJQ	https://ghtrails.org
	Chippewa Conservancy	https://www.chippewaconservancy.org/		https://www.facebook.com/chippewaconservancy		https://www.chippewaconservancy.org
	Baraboo Range	https://www.baraboorange.org/		https://www.facebook.com/BarabooRange/		https://www.baraboorange.org
	Wisconservation	https://www.wisconservation.org/	https://www.instagram.com/wisconservation/	https://www.facebook.com/NaturalResourcesFoundation	https://www.youtube.com/@Wisconservation	https://www.wisconservation.org
	Truckee Land Trust	https://www.truckeedonnerlandtrust.org/	https://www.instagram.com/truckeedonnerlandtrust/	https://www.facebook.com/truckeedonnerlandtrust/	https://www.youtube.com/@truckeedonnerlandtrust8873	https://www.truckeedonnerlandtrust.org
	Golden Gate Parks Conservancy	https://www.parksconservancy.org/	https://www.instagram.com/parksconservancy	https://www.facebook.com/parksconservancy	https://www.youtube.com/parksconservancy	https://www.parksconservancy.org
	Keweenaw Land Trust	https://keweenawlandtrust.org/		https://www.facebook.com/KeweenawLandTrust/		https://keweenawlandtrust.org
	Land Trust Alliance	https://landtrustalliance.org/	https://www.instagram.com/ltalliance	https://www.facebook.com/landtrustalliance	https://www.youtube.com/user/LandTrustAlliance	https://landtrustalliance.org
	Sierra Club	https://www.sierraclub.org/	https://www.instagram.com/sierraclub	https://www.facebook.com/SierraClub/	https://www.youtube.com/user/NationalSierraClub	https://www.sierraclub.org
	Whales and Dolphins	https://uk.whales.org/	https://www.instagram.com/whalesorg/	https://www.facebook.com/whalesorg	https://www.youtube.com/whalesorg	https://uk.whales.org
	Missouri Land Trust	https://missourilandtrusts.org/	https://www.instagram.com/molandtrusts/	https://www.facebook.com/molandtrusts/	https://www.youtube.com/channel/UCKrFUufsnjopAADJyTxcoTQ	https://missourilandtrusts.org
	Indiana Land Protection Alliance	https://www.protectindianaland.org/				https://www.protectindianaland.org
	Greenbelt	https://www.ecga.org/	https://www.instagram.com/ecgreenbelt/	https://www.facebook.com/ECGreenbelt/	https://www.youtube.com/@EssexCountyGreenbelt	https://www.ecga.org
	Mass Audubon	https://www.facebook.com/thetrustees	https://www.instagram.com/massaudubon/	https://www.facebook.com/MassAudubon	https://www.youtube.com/user/massaudubon	https://www.facebook.com/thetrustees
